<interface name="org.deepin.trayitem">
<property name="type" type="i" access="read"/>
<property name="text" type="s" access="read"/>
<property name="actionIcon" type="s" access="read"/>
<property name="leftIcon" type="s" access="read"/>
<property name="rightIcon" type="s" access="read"/>
<property name="hoverIcon" type="s" access="read"/>
<signal name="textChanged">
<arg type="s"></arg>
</signal>
<signal name="actionIconChanged">
<arg type="s"></arg>
</signal>
<signal name="leftIconChanged">
<arg type="s"></arg>
</signal>
<signal name="rightIconChanged">
<arg type="s"></arg>
</signal>
<signal name="hoverIconChanged">
<arg type="s"></arg>
</signal>
</interface>
