<interface name="org.deepin.trayitem">
<property name="type" type="i" access="read"/>
<property name="min" type="i" access="read"/>
<property name="max" type="i" access="read"/>
<property name="value" type="i" access="readwrite"/>
<property name="leftIcon" type="s" access="read"/>
<property name="rightIcon" type="s" access="read"/>
<signal name="minChanged">
<arg type="i"></arg>
</signal>
<signal name="maxChanged">
<arg type="i"></arg>
</signal>
<signal name="valueChanged">
<arg type="i"></arg>
</signal>
<signal name="leftIconChanged">
<arg type="s"></arg>
</signal>
<signal name="rightIconChanged">
<arg type="s"></arg>
</signal>
</interface>
