<interface name="org.deepin.trayitem">
<property name="Items" type="as" access="read"/>
<property name="Tips" type="s" access="read"/>
<property name="Icon" type="s" access="read"/>
<signal name="itemsChanged">
<arg type="as"></arg>
</signal>
<signal name="tipsChanged">
<arg type="s"></arg>
</signal>
<signal name="iconChanged">
<arg type="s"></arg>
</signal>
<method name="activate">
</method>
<method name="acceptFormats">
  <arg direction="in" type="as" name="formats"/>
  <arg direction="out" type="b" name="accept"/>
</method>
<method name="handleMimeData">
  <arg direction="in" type="a{ss}" name="map"/>
  <annotation name="org.qtproject.QtDBus.QtTypeName.In0" value="Map"/>
</method>
</interface>
